{
  "temporal_split": {
    "train": "2014-2021",
    "val": "2022-2023",
    "test": "2024-2025"
  },
  "regression": {
    "ridge": {
      "train_mae": 2.9236932703381155,
      "train_rmse": 4.052710877753684
    },
    "random_forest": {
      "train_mae": 1.2605295243117633,
      "train_rmse": 1.7313037931240627,
      "feature_importance": {
        "f0": 0.433733404683567,
        "f1": 0.10279001726332652,
        "f2": 0.07810546261800133,
        "f3": 0.005918006314783401,
        "f4": 0.053654979168278244,
        "f5": 0.09706835743213307,
        "f6": 0.014113923133319974,
        "f7": 0.029663082596156604,
        "f8": 0.0,
        "f9": 0.0,
        "f10": 0.0,
        "f11": 0.0,
        "f12": 0.07031959497272196,
        "f13": 0.06390863056607742,
        "f14": 0.05072454125163445
      }
    },
    "gradient_boosting": {
      "train_mae": 0.3333097078031711,
      "train_rmse": 0.4383091394815613,
      "feature_importance": {
        "f0": 0.4195038176118208,
        "f1": 0.11311812824403765,
        "f2": 0.06947273295396933,
        "f3": 0.0028102167704637335,
        "f4": 0.052970110886748085,
        "f5": 0.07556233031177705,
        "f6": 0.04483491727235821,
        "f7": 0.02480073319034349,
        "f8": 0.0,
        "f9": 0.0,
        "f10": 0.0,
        "f11": 0.0,
        "f12": 0.07961270010450344,
        "f13": 0.059212752935823114,
        "f14": 0.05810155971815518
      }
    },
    "xgboost": {
      "train_mae": 0.01035321969538927,
      "train_rmse": 0.01520002685156975,
      "feature_importance": {
        "f0": 0.16541258990764618,
        "f1": 0.06276988983154297,
        "f2": 0.022694896906614304,
        "f3": 0.02078736014664173,
        "f4": 0.06142079457640648,
        "f5": 0.06364096701145172,
        "f6": 0.3650273084640503,
        "f7": 0.049877483397722244,
        "f8": 0.0,
        "f9": 0.0,
        "f10": 0.0,
        "f11": 0.0,
        "f12": 0.04114386811852455,
        "f13": 0.09502031654119492,
        "f14": 0.052204541862010956
      }
    }
  },
  "classification": {
    "is_podium": {
      "logistic": {
        "train_accuracy": 0.8904761904761904,
        "train_f1": 0.7722772277227723
      },
      "random_forest": {
        "train_accuracy": 1.0,
        "train_f1": 1.0
      },
      "gradient_boosting": {
        "train_accuracy": 1.0,
        "train_f1": 1.0
      },
      "xgboost": {
        "train_accuracy": 1.0,
        "train_f1": 1.0
      }
    },
    "is_top_10": {
      "status": "skipped",
      "reason": "insufficient_top10_labels"
    }
  }
}